order_id,customer_id,product_id,order_date,quantity,due_date,status
O0001,C025,P006,2026-03-18,35,2026-03-29,Completed
O0002,C016,P001,2026-07-19,8,2026-07-24,Pending
O0003,C027,P010,2026-08-26,16,2026-09-11,Delayed
O0004,C003,P003,2026-01-15,47,2026-01-27,Delayed
O0005,C018,P025,2026-05-05,9,2026-05-12,Cancelled
O0006,C006,P009,2026-02-02,34,2026-02-22,Cancelled
O0007,C030,P018,2026-08-12,49,2026-08-30,Cancelled
O0008,C013,P022,2026-07-06,42,2026-07-17,Pending
O0009,C015,P004,2026-04-06,16,2026-04-25,Delayed
O0010,C019,P018,2026-02-27,15,2026-03-06,Completed
O0011,C023,P021,2026-05-31,4,2026-06-12,Completed
O0012,C028,P011,2026-02-28,5,2026-03-07,Cancelled
O0013,C016,P007,2026-05-12,35,2026-05-24,Completed
O0014,C016,P014,2026-02-03,13,2026-02-23,Completed
O0015,C012,P014,2026-01-25,27,2026-02-02,Pending
O0016,C021,P004,2026-04-30,4,2026-05-06,Pending
O0017,C004,P008,2026-04-14,13,2026-04-29,Delayed
O0018,C006,P009,2026-02-18,30,2026-03-09,Completed
O0019,C028,P018,2026-03-05,7,2026-03-12,Completed
O0020,C030,P025,2026-01-13,16,2026-01-18,Cancelled
O0021,C007,P013,2026-02-12,4,2026-03-02,Completed
O0022,C013,P009,2026-02-12,30,2026-03-01,Completed
O0023,C024,P018,2026-03-15,43,2026-04-02,Pending
O0024,C010,P007,2026-07-03,4,2026-07-23,Completed
O0025,C002,P002,2026-05-29,38,2026-06-04,Pending
O0026,C017,P003,2026-05-03,12,2026-05-13,Completed
O0027,C008,P013,2026-01-18,8,2026-01-25,Pending
O0028,C002,P020,2026-08-16,6,2026-08-28,Pending
O0029,C007,P022,2026-04-18,46,2026-05-03,Cancelled
O0030,C005,P022,2026-03-22,42,2026-04-03,Completed
O0031,C025,P003,2026-03-18,1,2026-04-06,Completed
O0032,C007,P017,2026-04-28,17,2026-05-06,Completed
O0033,C029,P008,2026-02-03,24,2026-02-19,Delayed
O0034,C018,P023,2026-03-14,20,2026-03-24,Completed
O0035,C018,P010,2026-06-06,43,2026-06-11,Pending
O0036,C029,P004,2026-01-27,48,2026-02-05,Completed
O0037,C020,P007,2026-05-22,46,2026-05-31,Completed
O0038,C028,P009,2026-03-29,33,2026-04-09,Pending
O0039,C028,P002,2026-05-06,6,2026-05-19,Cancelled
O0040,C002,P001,2026-06-12,22,2026-06-30,Delayed
O0041,C009,P006,2026-07-17,48,2026-07-26,Pending
O0042,C004,P003,2026-04-24,45,2026-05-12,Pending
O0043,C027,P012,2026-08-20,38,2026-08-29,Completed
O0044,C002,P010,2026-05-22,24,2026-05-31,Completed
O0045,C007,P022,2026-08-19,16,2026-08-25,Delayed
O0046,C018,P014,2026-06-20,40,2026-06-28,Completed
O0047,C008,P006,2026-07-11,12,2026-07-20,Cancelled
O0048,C024,P011,2026-08-14,27,2026-09-01,Completed
O0049,C026,P023,2026-07-25,7,2026-08-06,Completed
O0050,C008,P007,2026-04-08,30,2026-04-14,Delayed
O0051,C028,P008,2026-03-31,15,2026-04-14,Delayed
O0052,C009,P003,2026-01-07,50,2026-01-18,Completed
O0053,C013,P022,2026-03-13,35,2026-03-29,Pending
O0054,C009,P006,2026-03-26,38,2026-03-31,Completed
O0055,C014,P012,2026-03-09,47,2026-03-15,Completed
O0056,C017,P004,2026-07-21,25,2026-08-05,Completed
O0057,C023,P014,2026-08-19,1,2026-08-30,Completed
O0058,C003,P022,2026-05-14,22,2026-05-25,Completed
O0059,C004,P024,2026-06-09,20,2026-06-24,Pending
O0060,C011,P013,2026-05-10,45,2026-05-24,Pending
O0061,C022,P013,2026-03-17,44,2026-03-26,Completed
O0062,C010,P013,2026-07-11,36,2026-07-21,Pending
O0063,C007,P014,2026-08-02,38,2026-08-07,Completed
O0064,C015,P022,2026-06-05,14,2026-06-20,Completed
O0065,C026,P024,2026-05-11,11,2026-05-31,Delayed
O0066,C022,P021,2026-06-18,40,2026-06-25,Completed
O0067,C025,P008,2026-03-27,44,2026-04-03,Delayed
O0068,C005,P001,2026-03-21,3,2026-04-02,Delayed
O0069,C025,P003,2026-03-04,30,2026-03-24,Pending
O0070,C013,P016,2026-04-17,26,2026-04-28,Pending
O0071,C001,P025,2026-03-04,50,2026-03-13,Pending
O0072,C008,P006,2026-08-15,45,2026-08-23,Delayed
O0073,C008,P004,2026-05-13,30,2026-06-01,Completed
O0074,C018,P020,2026-02-04,21,2026-02-23,Pending
O0075,C024,P017,2026-07-13,28,2026-08-01,Pending
O0076,C024,P016,2026-08-01,29,2026-08-20,Delayed
O0077,C009,P025,2026-03-08,50,2026-03-20,Delayed
O0078,C009,P015,2026-05-14,5,2026-06-03,Pending
O0079,C011,P011,2026-07-02,35,2026-07-16,Completed
O0080,C013,P023,2026-01-21,10,2026-01-30,Completed
O0081,C014,P011,2026-06-30,35,2026-07-11,Completed
O0082,C027,P014,2026-04-30,25,2026-05-18,Completed
O0083,C025,P019,2026-08-20,25,2026-08-25,Delayed
O0084,C010,P025,2026-05-03,25,2026-05-08,Cancelled
O0085,C024,P018,2026-08-07,39,2026-08-25,Completed
O0086,C009,P014,2026-08-18,32,2026-08-30,Completed
O0087,C022,P013,2026-01-08,47,2026-01-25,Completed
O0088,C020,P018,2026-02-12,2,2026-03-03,Cancelled
O0089,C022,P001,2026-08-21,6,2026-09-07,Pending
O0090,C015,P006,2026-06-14,4,2026-07-02,Completed
O0091,C015,P011,2026-03-08,22,2026-03-25,Completed
O0092,C027,P014,2026-07-14,17,2026-07-31,Completed
O0093,C024,P018,2026-08-02,4,2026-08-09,Completed
O0094,C025,P021,2026-03-31,3,2026-04-12,Pending
O0095,C007,P001,2026-07-13,40,2026-07-18,Cancelled
O0096,C022,P004,2026-02-09,37,2026-02-21,Completed
O0097,C025,P012,2026-02-25,11,2026-03-16,Pending
O0098,C006,P010,2026-06-05,7,2026-06-13,Delayed
O0099,C019,P022,2026-05-29,25,2026-06-03,Cancelled
O0100,C023,P021,2026-04-12,16,2026-04-23,Completed
O0101,C020,P004,2026-01-27,37,2026-02-10,Delayed
O0102,C014,P022,2026-07-20,24,2026-07-26,Completed
O0103,C014,P016,2026-01-18,7,2026-02-02,Completed
O0104,C027,P015,2026-04-21,46,2026-05-07,Pending
O0105,C017,P021,2026-02-09,18,2026-02-27,Completed
O0106,C027,P024,2026-06-07,38,2026-06-27,Completed
O0107,C027,P003,2026-03-10,18,2026-03-25,Delayed
O0108,C015,P019,2026-08-14,40,2026-09-02,Completed
O0109,C016,P011,2026-06-21,12,2026-07-08,Completed
O0110,C009,P011,2026-05-05,18,2026-05-16,Completed
O0111,C017,P007,2026-08-14,6,2026-08-27,Pending
O0112,C025,P008,2026-03-03,45,2026-03-21,Completed
O0113,C001,P003,2026-05-02,19,2026-05-22,Completed
O0114,C010,P022,2026-02-26,38,2026-03-15,Pending
O0115,C012,P014,2026-04-05,48,2026-04-25,Pending
O0116,C015,P009,2026-05-21,20,2026-06-05,Completed
O0117,C007,P011,2026-03-06,8,2026-03-18,Completed
O0118,C024,P016,2026-07-10,18,2026-07-20,Completed
O0119,C027,P007,2026-07-05,19,2026-07-19,Cancelled
O0120,C001,P023,2026-02-28,35,2026-03-16,Completed
O0121,C002,P018,2026-02-02,19,2026-02-15,Completed
O0122,C025,P016,2026-06-28,7,2026-07-07,Pending
O0123,C016,P016,2026-08-12,29,2026-08-17,Pending
O0124,C009,P016,2026-03-29,8,2026-04-08,Cancelled
O0125,C003,P019,2026-07-30,41,2026-08-06,Completed
O0126,C026,P019,2026-06-25,20,2026-07-01,Completed
O0127,C025,P014,2026-01-22,39,2026-02-03,Completed
O0128,C013,P015,2026-06-02,29,2026-06-14,Delayed
O0129,C020,P002,2026-03-18,40,2026-04-05,Completed
O0130,C007,P021,2026-07-09,14,2026-07-17,Cancelled
O0131,C006,P018,2026-03-09,5,2026-03-16,Completed
O0132,C023,P020,2026-02-10,31,2026-02-15,Completed
O0133,C023,P010,2026-03-16,45,2026-03-22,Completed
O0134,C008,P009,2026-08-09,41,2026-08-28,Completed
O0135,C018,P008,2026-05-31,42,2026-06-11,Completed
O0136,C003,P002,2026-02-08,11,2026-02-21,Delayed
O0137,C027,P019,2026-07-22,19,2026-08-05,Pending
O0138,C010,P023,2026-04-23,26,2026-05-01,Completed
O0139,C020,P002,2026-03-11,28,2026-03-31,Completed
O0140,C001,P003,2026-07-08,15,2026-07-23,Pending
O0141,C022,P009,2026-06-22,37,2026-06-27,Cancelled
O0142,C021,P015,2026-01-11,18,2026-01-21,Completed
O0143,C016,P003,2026-02-16,31,2026-03-06,Pending
O0144,C022,P004,2026-03-31,11,2026-04-18,Completed
O0145,C010,P022,2026-03-26,26,2026-04-13,Pending
O0146,C011,P009,2026-07-28,21,2026-08-03,Completed
O0147,C027,P001,2026-01-30,43,2026-02-16,Delayed
O0148,C007,P017,2026-08-11,24,2026-08-30,Completed
O0149,C025,P002,2026-06-09,14,2026-06-29,Pending
O0150,C015,P023,2026-03-10,32,2026-03-19,Cancelled
O0151,C020,P008,2026-02-01,46,2026-02-06,Cancelled
O0152,C018,P014,2026-02-10,6,2026-02-24,Pending
O0153,C004,P021,2026-02-27,10,2026-03-07,Completed
O0154,C009,P014,2026-05-08,31,2026-05-22,Completed
O0155,C005,P013,2026-05-01,13,2026-05-13,Completed
O0156,C009,P025,2026-08-24,27,2026-09-02,Delayed
O0157,C010,P024,2026-03-29,20,2026-04-11,Delayed
O0158,C015,P018,2026-08-03,31,2026-08-23,Delayed
O0159,C018,P013,2026-03-30,30,2026-04-14,Pending
O0160,C023,P008,2026-08-27,37,2026-09-11,Delayed
O0161,C014,P002,2026-04-09,21,2026-04-21,Delayed
O0162,C026,P013,2026-07-10,25,2026-07-30,Pending
O0163,C002,P005,2026-06-19,33,2026-06-28,Completed
O0164,C028,P015,2026-06-01,7,2026-06-16,Delayed
O0165,C005,P014,2026-05-15,42,2026-06-03,Completed
O0166,C009,P011,2026-02-09,40,2026-02-16,Completed
O0167,C028,P011,2026-06-27,44,2026-07-14,Pending
O0168,C021,P023,2026-08-08,49,2026-08-25,Cancelled
O0169,C008,P021,2026-05-05,44,2026-05-11,Pending
O0170,C024,P003,2026-08-24,28,2026-09-07,Cancelled
O0171,C023,P010,2026-01-26,2,2026-02-03,Completed
O0172,C010,P012,2026-01-12,24,2026-01-27,Delayed
O0173,C014,P019,2026-04-21,44,2026-04-30,Completed
O0174,C003,P020,2026-07-22,25,2026-08-01,Completed
O0175,C019,P005,2026-06-08,15,2026-06-20,Completed
O0176,C022,P001,2026-04-29,30,2026-05-12,Completed
O0177,C006,P003,2026-08-19,29,2026-09-02,Pending
O0178,C014,P023,2026-03-30,17,2026-04-13,Pending
O0179,C013,P016,2026-04-27,7,2026-05-11,Completed
O0180,C019,P010,2026-03-02,45,2026-03-19,Pending
O0181,C022,P013,2026-03-17,18,2026-03-22,Cancelled
O0182,C024,P016,2026-01-03,19,2026-01-09,Cancelled
O0183,C012,P008,2026-07-18,41,2026-07-30,Pending
O0184,C024,P025,2026-02-18,43,2026-03-03,Pending
O0185,C029,P021,2026-06-24,42,2026-07-03,Pending
O0186,C002,P019,2026-01-11,24,2026-01-25,Delayed
O0187,C010,P011,2026-07-07,48,2026-07-16,Completed
O0188,C026,P018,2026-04-17,24,2026-04-27,Completed
O0189,C009,P016,2026-05-16,19,2026-05-29,Delayed
O0190,C015,P003,2026-07-11,10,2026-07-26,Delayed
O0191,C024,P022,2026-07-13,26,2026-07-25,Delayed
O0192,C013,P001,2026-08-05,17,2026-08-21,Completed
O0193,C022,P024,2026-05-18,44,2026-05-26,Completed
O0194,C012,P004,2026-03-09,44,2026-03-26,Delayed
O0195,C029,P018,2026-03-01,21,2026-03-21,Completed
O0196,C021,P015,2026-08-23,45,2026-09-04,Pending
O0197,C002,P002,2026-03-19,20,2026-04-06,Completed
O0198,C029,P018,2026-05-07,9,2026-05-15,Completed
O0199,C024,P023,2026-04-10,35,2026-04-29,Completed
O0200,C021,P004,2026-04-18,32,2026-04-27,Delayed
O0201,C009,P002,2026-06-07,45,2026-06-25,Cancelled
O0202,C008,P012,2026-04-05,7,2026-04-16,Completed
O0203,C021,P012,2026-06-25,4,2026-07-11,Completed
O0204,C004,P015,2026-04-12,6,2026-04-25,Completed
O0205,C020,P001,2026-06-19,4,2026-06-30,Pending
O0206,C005,P019,2026-07-21,14,2026-08-05,Completed
O0207,C027,P008,2026-01-18,22,2026-01-29,Pending
O0208,C020,P001,2026-07-18,18,2026-07-27,Delayed
O0209,C018,P009,2026-08-08,12,2026-08-17,Cancelled
O0210,C012,P008,2026-01-29,38,2026-02-03,Completed
O0211,C002,P005,2026-03-24,48,2026-03-29,Completed
O0212,C016,P015,2026-04-18,50,2026-04-26,Pending
O0213,C008,P020,2026-04-03,3,2026-04-11,Completed
O0214,C001,P002,2026-07-06,31,2026-07-20,Completed
O0215,C004,P016,2026-08-05,46,2026-08-22,Completed
O0216,C003,P011,2026-08-21,39,2026-09-09,Completed
O0217,C020,P021,2026-02-07,38,2026-02-14,Completed
O0218,C020,P017,2026-05-21,19,2026-06-05,Completed
O0219,C023,P004,2026-04-27,42,2026-05-15,Completed
O0220,C029,P008,2026-06-16,27,2026-06-27,Completed
O0221,C024,P004,2026-03-28,21,2026-04-16,Completed
O0222,C012,P005,2026-04-20,44,2026-05-05,Pending
O0223,C027,P003,2026-08-25,6,2026-09-14,Completed
O0224,C012,P005,2026-04-21,36,2026-04-29,Pending
O0225,C014,P012,2026-01-16,43,2026-01-31,Pending
O0226,C024,P002,2026-08-29,19,2026-09-16,Delayed
O0227,C019,P017,2026-06-03,14,2026-06-17,Completed
O0228,C004,P012,2026-02-09,36,2026-03-01,Completed
O0229,C019,P008,2026-04-05,28,2026-04-13,Delayed
O0230,C022,P023,2026-08-05,18,2026-08-10,Pending
O0231,C025,P010,2026-01-08,22,2026-01-18,Completed
O0232,C005,P019,2026-03-31,43,2026-04-05,Completed
O0233,C021,P001,2026-04-13,6,2026-04-20,Completed
O0234,C015,P011,2026-07-11,11,2026-07-22,Completed
O0235,C025,P019,2026-04-05,39,2026-04-19,Pending
O0236,C025,P020,2026-01-22,4,2026-01-28,Completed
O0237,C022,P014,2026-06-22,32,2026-06-29,Completed
O0238,C007,P025,2026-06-05,33,2026-06-24,Completed
O0239,C010,P022,2026-01-30,44,2026-02-15,Completed
O0240,C010,P002,2026-06-01,15,2026-06-21,Completed
O0241,C010,P007,2026-04-12,50,2026-04-18,Completed
O0242,C004,P001,2026-02-05,32,2026-02-18,Completed
O0243,C013,P018,2026-07-11,46,2026-07-29,Completed
O0244,C028,P024,2026-02-28,3,2026-03-16,Completed
O0245,C003,P011,2026-04-22,37,2026-04-27,Completed
O0246,C014,P010,2026-04-20,8,2026-05-07,Pending
O0247,C006,P020,2026-04-14,30,2026-04-19,Cancelled
O0248,C028,P004,2026-08-01,16,2026-08-17,Completed
O0249,C013,P010,2026-04-22,48,2026-05-09,Completed
O0250,C006,P003,2026-03-28,33,2026-04-09,Completed
O0251,C007,P025,2026-06-12,23,2026-06-20,Completed
O0252,C005,P009,2026-03-31,13,2026-04-09,Completed
O0253,C021,P003,2026-02-14,12,2026-02-23,Delayed
O0254,C019,P025,2026-07-17,38,2026-08-06,Completed
O0255,C021,P011,2026-04-25,10,2026-05-10,Delayed
O0256,C021,P010,2026-04-23,18,2026-04-30,Completed
O0257,C003,P010,2026-06-01,30,2026-06-07,Completed
O0258,C027,P010,2026-04-26,5,2026-05-02,Completed
O0259,C017,P013,2026-06-15,30,2026-06-22,Pending
O0260,C026,P019,2026-05-29,42,2026-06-04,Completed
O0261,C017,P005,2026-02-18,4,2026-03-05,Pending
O0262,C027,P011,2026-04-26,46,2026-05-04,Delayed
O0263,C023,P015,2026-01-22,29,2026-02-01,Completed
O0264,C030,P010,2026-05-15,25,2026-05-25,Completed
O0265,C002,P021,2026-04-15,42,2026-04-30,Pending
O0266,C018,P022,2026-03-27,25,2026-04-03,Completed
O0267,C022,P020,2026-03-14,10,2026-03-27,Pending
O0268,C005,P012,2026-03-27,20,2026-04-03,Pending
O0269,C023,P003,2026-06-17,20,2026-07-04,Completed
O0270,C011,P005,2026-05-24,43,2026-06-10,Pending
O0271,C014,P017,2026-06-29,24,2026-07-06,Pending
O0272,C007,P011,2026-01-05,50,2026-01-21,Completed
O0273,C005,P005,2026-05-05,5,2026-05-16,Completed
O0274,C018,P024,2026-03-17,34,2026-03-25,Completed
O0275,C020,P005,2026-01-10,39,2026-01-25,Delayed
O0276,C027,P023,2026-04-07,50,2026-04-16,Completed
O0277,C002,P014,2026-06-09,24,2026-06-19,Pending
O0278,C020,P010,2026-06-23,49,2026-07-05,Cancelled
O0279,C008,P010,2026-07-11,31,2026-07-30,Completed
O0280,C019,P015,2026-08-20,30,2026-08-31,Completed
O0281,C017,P017,2026-07-16,27,2026-07-30,Delayed
O0282,C005,P009,2026-02-11,4,2026-02-22,Delayed
O0283,C018,P004,2026-06-14,46,2026-07-04,Delayed
O0284,C025,P006,2026-08-05,18,2026-08-13,Completed
O0285,C003,P008,2026-04-26,29,2026-05-05,Delayed
O0286,C014,P002,2026-08-15,26,2026-08-31,Cancelled
O0287,C003,P012,2026-05-09,15,2026-05-25,Completed
O0288,C027,P023,2026-01-08,42,2026-01-23,Cancelled
O0289,C010,P016,2026-03-27,45,2026-04-05,Completed
O0290,C016,P015,2026-08-01,40,2026-08-10,Delayed
O0291,C007,P005,2026-01-02,36,2026-01-09,Completed
O0292,C010,P008,2026-08-29,20,2026-09-16,Completed
O0293,C021,P020,2026-02-01,30,2026-02-07,Completed
O0294,C016,P020,2026-01-17,35,2026-01-25,Delayed
O0295,C010,P014,2026-01-05,1,2026-01-17,Pending
O0296,C014,P006,2026-06-07,43,2026-06-23,Completed
O0297,C012,P003,2026-06-21,34,2026-06-28,Completed
O0298,C016,P002,2026-05-20,41,2026-05-25,Completed
O0299,C001,P012,2026-04-10,5,2026-04-26,Completed
O0300,C021,P004,2026-03-30,50,2026-04-11,Pending
O0301,C012,P018,2026-05-29,22,2026-06-13,Completed
O0302,C022,P015,2026-07-28,45,2026-08-07,Delayed
O0303,C003,P023,2026-05-03,50,2026-05-13,Delayed
O0304,C002,P007,2026-04-28,3,2026-05-04,Completed
O0305,C027,P018,2026-03-22,31,2026-04-05,Completed
O0306,C007,P010,2026-03-06,23,2026-03-12,Delayed
O0307,C011,P009,2026-08-09,8,2026-08-15,Delayed
O0308,C013,P024,2026-07-24,29,2026-08-09,Completed
O0309,C006,P016,2026-08-18,45,2026-09-04,Completed
O0310,C017,P009,2026-05-08,6,2026-05-24,Cancelled
O0311,C020,P006,2026-07-06,35,2026-07-24,Completed
O0312,C011,P022,2026-03-17,19,2026-04-01,Completed
O0313,C014,P006,2026-03-20,45,2026-04-08,Pending
O0314,C024,P012,2026-04-24,40,2026-05-10,Completed
O0315,C026,P002,2026-04-22,5,2026-05-05,Pending
O0316,C026,P024,2026-06-21,44,2026-07-08,Completed
O0317,C020,P022,2026-02-10,29,2026-02-15,Completed
O0318,C025,P021,2026-01-09,24,2026-01-18,Completed
O0319,C002,P020,2026-04-03,10,2026-04-20,Cancelled
O0320,C012,P015,2026-06-23,49,2026-07-12,Cancelled
O0321,C013,P011,2026-01-20,42,2026-01-29,Completed
O0322,C001,P024,2026-03-13,12,2026-03-25,Cancelled
O0323,C004,P009,2026-05-08,50,2026-05-25,Cancelled
O0324,C020,P010,2026-03-08,45,2026-03-27,Completed
O0325,C005,P003,2026-08-23,29,2026-09-12,Completed
O0326,C026,P022,2026-02-14,21,2026-03-05,Cancelled
O0327,C018,P018,2026-06-20,19,2026-07-06,Pending
O0328,C023,P023,2026-08-17,45,2026-08-31,Delayed
O0329,C017,P008,2026-06-13,8,2026-06-23,Delayed
O0330,C016,P001,2026-02-21,24,2026-03-02,Completed
O0331,C018,P005,2026-05-22,40,2026-06-07,Completed
O0332,C013,P023,2026-08-15,47,2026-08-22,Completed
O0333,C027,P019,2026-05-03,5,2026-05-21,Delayed
O0334,C015,P015,2026-02-02,44,2026-02-17,Pending
O0335,C027,P025,2026-05-13,36,2026-05-29,Completed
O0336,C005,P014,2026-06-13,33,2026-06-23,Delayed
O0337,C017,P005,2026-08-22,20,2026-08-28,Delayed
O0338,C023,P008,2026-02-12,23,2026-02-22,Completed
O0339,C009,P007,2026-08-29,41,2026-09-12,Delayed
O0340,C010,P020,2026-05-22,35,2026-06-04,Completed
O0341,C019,P005,2026-01-24,11,2026-02-03,Pending
O0342,C019,P002,2026-06-18,2,2026-07-03,Delayed
O0343,C025,P019,2026-01-21,17,2026-01-27,Cancelled
O0344,C014,P020,2026-06-16,41,2026-06-27,Delayed
O0345,C018,P010,2026-01-08,42,2026-01-28,Delayed
O0346,C026,P022,2026-03-19,26,2026-04-08,Completed
O0347,C002,P006,2026-03-18,29,2026-04-06,Completed
O0348,C011,P020,2026-04-17,10,2026-05-07,Completed
O0349,C028,P012,2026-03-22,26,2026-04-06,Pending
O0350,C004,P011,2026-02-03,16,2026-02-19,Completed
O0351,C008,P005,2026-04-30,7,2026-05-08,Completed
O0352,C028,P020,2026-01-13,27,2026-01-27,Cancelled
O0353,C030,P019,2026-03-05,47,2026-03-15,Delayed
O0354,C016,P017,2026-03-22,30,2026-04-02,Delayed
O0355,C003,P013,2026-05-08,33,2026-05-22,Completed
O0356,C012,P002,2026-04-28,4,2026-05-10,Completed
O0357,C027,P021,2026-03-14,44,2026-04-03,Pending
O0358,C028,P004,2026-05-01,28,2026-05-15,Completed
O0359,C025,P013,2026-02-04,24,2026-02-17,Pending
O0360,C018,P007,2026-01-12,24,2026-01-29,Completed
O0361,C017,P015,2026-05-22,49,2026-06-05,Completed
O0362,C020,P022,2026-05-21,40,2026-06-03,Delayed
O0363,C013,P012,2026-01-31,22,2026-02-09,Cancelled
O0364,C007,P020,2026-05-23,33,2026-06-08,Delayed
O0365,C005,P023,2026-04-13,22,2026-04-19,Completed
O0366,C005,P020,2026-07-25,33,2026-08-14,Completed
O0367,C011,P006,2026-02-05,26,2026-02-20,Cancelled
O0368,C017,P017,2026-06-07,35,2026-06-21,Pending
O0369,C001,P012,2026-05-06,22,2026-05-20,Completed
O0370,C019,P010,2026-06-22,47,2026-06-30,Cancelled
O0371,C009,P021,2026-08-12,50,2026-08-17,Pending
O0372,C019,P016,2026-05-29,11,2026-06-10,Pending
O0373,C022,P008,2026-05-15,3,2026-06-01,Completed
O0374,C015,P011,2026-05-27,27,2026-06-04,Completed
O0375,C014,P017,2026-02-08,50,2026-02-26,Pending
O0376,C024,P024,2026-06-06,4,2026-06-26,Delayed
O0377,C018,P011,2026-06-30,43,2026-07-09,Completed
O0378,C006,P015,2026-05-03,35,2026-05-20,Completed
O0379,C028,P024,2026-03-29,44,2026-04-14,Pending
O0380,C007,P008,2026-06-14,18,2026-06-27,Pending
O0381,C010,P025,2026-05-23,19,2026-06-06,Completed
O0382,C016,P011,2026-06-30,31,2026-07-11,Pending
O0383,C019,P022,2026-03-31,35,2026-04-13,Completed
O0384,C025,P005,2026-04-08,19,2026-04-25,Delayed
O0385,C003,P012,2026-01-11,29,2026-01-25,Cancelled
O0386,C007,P007,2026-06-17,35,2026-06-30,Pending
O0387,C020,P024,2026-03-11,38,2026-03-24,Completed
O0388,C029,P017,2026-03-03,15,2026-03-15,Completed
O0389,C014,P011,2026-06-13,46,2026-06-25,Completed
O0390,C005,P001,2026-05-01,36,2026-05-09,Pending
O0391,C030,P016,2026-08-26,31,2026-09-05,Completed
O0392,C010,P011,2026-06-16,19,2026-06-27,Delayed
O0393,C003,P021,2026-06-15,37,2026-06-21,Cancelled
O0394,C006,P014,2026-03-01,12,2026-03-07,Cancelled
O0395,C013,P016,2026-08-28,12,2026-09-03,Cancelled
O0396,C001,P010,2026-08-28,37,2026-09-11,Delayed
O0397,C011,P010,2026-06-04,30,2026-06-12,Cancelled
O0398,C005,P017,2026-06-14,30,2026-07-04,Delayed
O0399,C011,P006,2026-03-11,47,2026-03-22,Delayed
O0400,C001,P024,2026-04-28,22,2026-05-11,Pending
O0401,C025,P007,2026-07-22,12,2026-08-05,Pending
O0402,C017,P011,2026-06-06,6,2026-06-23,Delayed
O0403,C005,P016,2026-04-13,21,2026-04-21,Completed
O0404,C013,P008,2026-08-28,29,2026-09-09,Completed
O0405,C010,P019,2026-07-12,47,2026-07-25,Cancelled
O0406,C012,P023,2026-05-27,16,2026-06-01,Completed
O0407,C006,P013,2026-01-16,44,2026-01-24,Completed
O0408,C021,P010,2026-05-09,24,2026-05-23,Pending
O0409,C005,P016,2026-06-07,10,2026-06-19,Completed
O0410,C018,P016,2026-04-27,49,2026-05-13,Completed
O0411,C022,P025,2026-05-18,39,2026-05-29,Delayed
O0412,C017,P023,2026-08-12,24,2026-08-19,Completed
O0413,C018,P017,2026-01-20,13,2026-01-28,Completed
O0414,C028,P017,2026-05-27,29,2026-06-05,Completed
O0415,C016,P003,2026-01-30,33,2026-02-10,Pending
O0416,C017,P014,2026-04-25,30,2026-05-01,Completed
O0417,C022,P010,2026-05-25,47,2026-05-31,Pending
O0418,C001,P024,2026-01-06,14,2026-01-23,Completed
O0419,C012,P023,2026-05-29,5,2026-06-05,Completed
O0420,C003,P016,2026-05-19,3,2026-05-25,Cancelled
O0421,C005,P025,2026-03-15,42,2026-04-02,Completed
O0422,C029,P013,2026-07-06,29,2026-07-24,Completed
O0423,C022,P022,2026-08-11,35,2026-08-28,Completed
O0424,C018,P013,2026-02-04,34,2026-02-20,Completed
O0425,C025,P001,2026-02-02,20,2026-02-14,Delayed
O0426,C027,P008,2026-04-29,16,2026-05-17,Completed
O0427,C007,P024,2026-04-28,49,2026-05-14,Completed
O0428,C014,P020,2026-01-29,50,2026-02-04,Delayed
O0429,C003,P004,2026-08-28,39,2026-09-02,Completed
O0430,C023,P002,2026-01-09,16,2026-01-28,Pending
O0431,C008,P018,2026-07-09,14,2026-07-15,Completed
O0432,C010,P008,2026-07-13,47,2026-07-19,Completed
O0433,C025,P022,2026-05-28,21,2026-06-12,Pending
O0434,C022,P017,2026-03-02,15,2026-03-16,Delayed
O0435,C018,P019,2026-04-16,48,2026-04-30,Completed
O0436,C014,P018,2026-08-22,32,2026-09-01,Pending
O0437,C022,P013,2026-01-13,34,2026-01-29,Cancelled
O0438,C010,P013,2026-03-23,12,2026-04-10,Completed
O0439,C008,P010,2026-07-13,46,2026-08-02,Completed
O0440,C018,P014,2026-02-06,27,2026-02-25,Cancelled
O0441,C009,P007,2026-05-23,22,2026-06-01,Completed
O0442,C028,P012,2026-06-15,6,2026-06-22,Cancelled
O0443,C013,P022,2026-05-18,39,2026-05-29,Completed
O0444,C007,P025,2026-06-04,38,2026-06-10,Delayed
O0445,C028,P011,2026-07-05,20,2026-07-16,Completed
O0446,C007,P024,2026-08-21,8,2026-08-26,Completed
O0447,C023,P020,2026-07-11,46,2026-07-31,Cancelled
O0448,C018,P011,2026-02-22,50,2026-03-11,Cancelled
O0449,C021,P012,2026-03-14,20,2026-03-31,Completed
O0450,C016,P015,2026-03-08,7,2026-03-24,Completed
O0451,C011,P007,2026-07-25,24,2026-08-14,Delayed
O0452,C028,P008,2026-03-22,48,2026-04-09,Completed
O0453,C030,P019,2026-02-07,38,2026-02-12,Completed
O0454,C007,P011,2026-07-04,15,2026-07-22,Completed
O0455,C021,P022,2026-04-08,22,2026-04-20,Completed
O0456,C021,P024,2026-03-07,32,2026-03-27,Cancelled
O0457,C012,P006,2026-04-28,9,2026-05-08,Pending
O0458,C029,P018,2026-07-04,42,2026-07-24,Completed
O0459,C003,P022,2026-01-16,4,2026-01-22,Delayed
O0460,C027,P021,2026-07-15,15,2026-07-20,Completed
O0461,C017,P015,2026-01-18,24,2026-01-27,Completed
O0462,C001,P001,2026-01-16,35,2026-02-05,Pending
O0463,C017,P024,2026-05-22,18,2026-06-09,Completed
O0464,C027,P023,2026-05-18,44,2026-06-01,Completed
O0465,C004,P017,2026-04-21,10,2026-05-01,Completed
O0466,C009,P012,2026-03-03,18,2026-03-14,Pending
O0467,C013,P015,2026-07-23,37,2026-08-09,Completed
O0468,C027,P003,2026-03-04,42,2026-03-16,Completed
O0469,C013,P013,2026-08-08,36,2026-08-14,Completed
O0470,C023,P006,2026-05-02,6,2026-05-08,Pending
O0471,C011,P019,2026-05-08,7,2026-05-26,Pending
O0472,C029,P023,2026-08-18,37,2026-08-24,Completed
O0473,C003,P022,2026-05-02,18,2026-05-15,Completed
O0474,C028,P011,2026-08-19,2,2026-08-25,Completed
O0475,C023,P013,2026-02-23,5,2026-03-04,Delayed
O0476,C019,P013,2026-03-18,44,2026-03-28,Pending
O0477,C024,P005,2026-08-18,45,2026-09-02,Completed
O0478,C012,P002,2026-07-05,7,2026-07-12,Completed
O0479,C011,P020,2026-04-22,50,2026-05-04,Delayed
O0480,C011,P001,2026-06-07,41,2026-06-24,Cancelled
O0481,C012,P018,2026-03-11,25,2026-03-30,Completed
O0482,C022,P013,2026-04-21,6,2026-05-01,Pending
O0483,C023,P003,2026-07-17,6,2026-07-31,Delayed
O0484,C026,P021,2026-03-10,10,2026-03-19,Completed
O0485,C004,P003,2026-07-09,1,2026-07-26,Completed
O0486,C009,P004,2026-03-20,9,2026-04-08,Completed
O0487,C018,P018,2026-01-23,33,2026-02-02,Completed
O0488,C012,P018,2026-04-15,6,2026-04-23,Completed
O0489,C001,P010,2026-06-02,27,2026-06-17,Delayed
O0490,C018,P008,2026-04-10,37,2026-04-17,Pending
O0491,C006,P005,2026-05-14,18,2026-05-24,Pending
O0492,C003,P006,2026-03-19,28,2026-04-01,Completed
O0493,C026,P003,2026-03-12,24,2026-03-30,Completed
O0494,C016,P020,2026-03-06,40,2026-03-18,Pending
O0495,C010,P001,2026-02-20,26,2026-03-11,Completed
O0496,C011,P015,2026-03-27,22,2026-04-13,Delayed
O0497,C020,P023,2026-04-21,13,2026-04-30,Completed
O0498,C013,P011,2026-05-03,19,2026-05-18,Completed
O0499,C026,P008,2026-07-08,21,2026-07-28,Cancelled
O0500,C013,P012,2026-04-07,8,2026-04-20,Delayed
