production_id,order_id,production_date,quantity_produced,defective_quantity,production_status
PR0001,O0001,2026-03-27,34,1,Completed
PR0002,O0002,2026-07-27,4,0,Pending
PR0003,O0003,2026-08-31,16,0,Completed
PR0004,O0004,2026-01-22,47,0,In Progress
PR0005,O0005,2026-05-10,9,1,Completed
PR0006,O0006,2026-02-09,30,2,In Progress
PR0007,O0007,2026-08-22,47,0,Completed
PR0008,O0008,2026-07-15,40,4,Completed
PR0009,O0009,2026-04-12,16,1,Completed
PR0010,O0010,2026-03-03,15,0,Completed
PR0011,O0011,2026-06-01,3,0,In Progress
PR0012,O0012,2026-03-06,5,1,Pending
PR0013,O0013,2026-05-17,33,0,Completed
PR0014,O0014,2026-02-10,9,0,Completed
PR0015,O0015,2026-02-03,25,2,Completed
PR0016,O0016,2026-05-08,2,1,Pending
PR0017,O0017,2026-04-16,8,1,Completed
PR0018,O0018,2026-02-23,25,2,Completed
PR0019,O0019,2026-03-14,4,1,In Progress
PR0020,O0020,2026-01-21,14,1,Completed
PR0021,O0021,2026-02-13,4,1,Completed
PR0022,O0022,2026-02-18,30,0,Completed
PR0023,O0023,2026-03-18,43,0,In Progress
PR0024,O0024,2026-07-09,2,0,Completed
PR0025,O0025,2026-06-02,37,3,Pending
PR0026,O0026,2026-05-10,10,0,Completed
PR0027,O0027,2026-01-22,6,0,In Progress
PR0028,O0028,2026-08-20,4,1,Completed
PR0029,O0029,2026-04-20,42,2,In Progress
PR0030,O0030,2026-03-31,41,0,In Progress
PR0031,O0031,2026-03-26,1,1,Completed
PR0032,O0032,2026-05-06,12,1,In Progress
PR0033,O0033,2026-02-10,23,2,Completed
PR0034,O0034,2026-03-20,19,1,Completed
PR0035,O0035,2026-06-11,40,3,In Progress
PR0036,O0036,2026-01-30,47,4,Completed
PR0037,O0037,2026-05-24,43,0,Completed
PR0038,O0038,2026-04-07,29,1,In Progress
PR0039,O0039,2026-05-16,4,1,Completed
PR0040,O0040,2026-06-21,20,1,Completed
PR0041,O0041,2026-07-25,48,1,Completed
PR0042,O0042,2026-05-02,42,1,Completed
PR0043,O0043,2026-08-21,37,0,Pending
PR0044,O0044,2026-05-29,22,0,Completed
PR0045,O0045,2026-08-27,15,1,Completed
PR0046,O0046,2026-06-22,38,3,Completed
PR0047,O0047,2026-07-15,11,0,In Progress
PR0048,O0048,2026-08-23,24,0,Completed
PR0049,O0049,2026-08-04,4,0,In Progress
PR0050,O0050,2026-04-10,30,3,Completed
PR0051,O0051,2026-04-09,14,0,Completed
PR0052,O0052,2026-01-08,47,4,In Progress
PR0053,O0053,2026-03-20,35,3,Completed
PR0054,O0054,2026-03-27,33,1,Completed
PR0055,O0055,2026-03-11,45,2,Completed
PR0056,O0056,2026-07-25,23,0,In Progress
PR0057,O0057,2026-08-29,1,1,Pending
PR0058,O0058,2026-05-17,22,1,Completed
PR0059,O0059,2026-06-19,16,0,In Progress
PR0060,O0060,2026-05-19,42,4,Completed
PR0061,O0061,2026-03-22,40,2,Pending
PR0062,O0062,2026-07-20,33,2,Pending
PR0063,O0063,2026-08-09,38,0,Completed
PR0064,O0064,2026-06-08,9,1,Pending
PR0065,O0065,2026-05-17,11,0,Completed
PR0066,O0066,2026-06-28,36,3,Completed
PR0067,O0067,2026-04-03,44,2,In Progress
PR0068,O0068,2026-03-23,2,0,In Progress
PR0069,O0069,2026-03-10,28,2,In Progress
PR0070,O0070,2026-04-18,24,1,Completed
PR0071,O0071,2026-03-12,50,0,In Progress
PR0072,O0072,2026-08-24,45,2,Pending
PR0073,O0073,2026-05-17,28,0,Pending
PR0074,O0074,2026-02-09,19,1,Completed
PR0075,O0075,2026-07-23,25,2,Completed
PR0076,O0076,2026-08-02,27,1,Pending
PR0077,O0077,2026-03-16,45,0,In Progress
PR0078,O0078,2026-05-17,1,0,Pending
PR0079,O0079,2026-07-09,33,3,Completed
PR0080,O0080,2026-01-26,6,0,Pending
PR0081,O0081,2026-07-06,31,2,Completed
PR0082,O0082,2026-05-03,22,0,Completed
PR0083,O0083,2026-08-24,20,1,In Progress
PR0084,O0084,2026-05-05,23,2,Completed
PR0085,O0085,2026-08-10,34,1,Completed
PR0086,O0086,2026-08-26,31,1,Completed
PR0087,O0087,2026-01-10,42,0,In Progress
PR0088,O0088,2026-02-16,2,0,Completed
PR0089,O0089,2026-08-23,4,0,In Progress
PR0090,O0090,2026-06-19,1,1,Completed
PR0091,O0091,2026-03-11,18,1,In Progress
PR0092,O0092,2026-07-24,17,0,Completed
PR0093,O0093,2026-08-06,1,0,Completed
PR0094,O0094,2026-04-10,3,0,Pending
PR0095,O0095,2026-07-15,40,3,Pending
PR0096,O0096,2026-02-19,32,1,In Progress
PR0097,O0097,2026-03-04,11,1,Completed
PR0098,O0098,2026-06-07,4,0,Completed
PR0099,O0099,2026-06-08,21,2,In Progress
PR0100,O0100,2026-04-17,13,0,In Progress
PR0101,O0101,2026-02-01,33,1,In Progress
PR0102,O0102,2026-07-24,24,0,In Progress
PR0103,O0103,2026-01-26,5,1,Completed
PR0104,O0104,2026-04-22,46,4,Completed
PR0105,O0105,2026-02-19,15,1,Completed
PR0106,O0106,2026-06-10,36,2,Completed
PR0107,O0107,2026-03-12,16,0,Completed
PR0108,O0108,2026-08-15,35,2,Completed
PR0109,O0109,2026-06-30,10,1,In Progress
PR0110,O0110,2026-05-07,16,1,In Progress
PR0111,O0111,2026-08-19,6,0,Completed
PR0112,O0112,2026-03-06,40,4,Pending
PR0113,O0113,2026-05-04,18,1,Completed
PR0114,O0114,2026-03-02,35,3,In Progress
PR0115,O0115,2026-04-12,43,1,Completed
PR0116,O0116,2026-05-22,15,1,In Progress
PR0117,O0117,2026-03-09,5,0,Completed
PR0118,O0118,2026-07-16,18,0,Completed
PR0119,O0119,2026-07-08,18,1,Completed
PR0120,O0120,2026-03-02,35,2,In Progress
PR0121,O0121,2026-02-07,14,1,In Progress
PR0122,O0122,2026-07-08,6,0,Completed
PR0123,O0123,2026-08-21,29,0,Completed
PR0124,O0124,2026-04-08,5,0,Completed
PR0125,O0125,2026-08-01,37,2,Completed
PR0126,O0126,2026-07-04,19,0,Completed
PR0127,O0127,2026-01-23,34,0,Pending
PR0128,O0128,2026-06-09,25,0,Completed
PR0129,O0129,2026-03-19,36,1,Pending
PR0130,O0130,2026-07-13,13,1,Completed
PR0131,O0131,2026-03-11,4,1,Completed
PR0132,O0132,2026-02-11,30,2,Completed
PR0133,O0133,2026-03-17,41,1,In Progress
PR0134,O0134,2026-08-14,39,0,Pending
PR0135,O0135,2026-06-08,39,2,Completed
PR0136,O0136,2026-02-18,6,1,Completed
PR0137,O0137,2026-08-01,16,0,Completed
PR0138,O0138,2026-05-02,24,0,In Progress
PR0139,O0139,2026-03-18,24,0,Completed
PR0140,O0140,2026-07-09,10,0,Completed
PR0141,O0141,2026-06-29,34,0,In Progress
PR0142,O0142,2026-01-20,18,1,Completed
PR0143,O0143,2026-02-17,27,1,Completed
PR0144,O0144,2026-04-04,7,1,Completed
PR0145,O0145,2026-04-01,25,1,In Progress
PR0146,O0146,2026-08-06,19,0,Completed
PR0147,O0147,2026-02-09,39,3,Completed
PR0148,O0148,2026-08-14,19,1,In Progress
PR0149,O0149,2026-06-15,10,1,Completed
PR0150,O0150,2026-03-15,30,2,Completed
PR0151,O0151,2026-02-04,42,0,Pending
PR0152,O0152,2026-02-13,5,0,Completed
PR0153,O0153,2026-03-01,8,1,Completed
PR0154,O0154,2026-05-12,30,2,Pending
PR0155,O0155,2026-05-03,11,1,Completed
PR0156,O0156,2026-08-29,22,0,In Progress
PR0157,O0157,2026-04-02,20,2,In Progress
PR0158,O0158,2026-08-07,28,0,Completed
PR0159,O0159,2026-04-04,27,1,Completed
PR0160,O0160,2026-09-03,34,1,Completed
PR0161,O0161,2026-04-11,19,0,Completed
PR0162,O0162,2026-07-14,21,0,Completed
PR0163,O0163,2026-06-25,29,0,In Progress
PR0164,O0164,2026-06-06,7,0,Completed
PR0165,O0165,2026-05-19,37,0,Pending
PR0166,O0166,2026-02-11,40,3,In Progress
PR0167,O0167,2026-07-05,41,0,Completed
PR0168,O0168,2026-08-15,44,1,Pending
PR0169,O0169,2026-05-12,44,3,Completed
PR0170,O0170,2026-08-28,28,1,Completed
PR0171,O0171,2026-01-29,1,1,Completed
PR0172,O0172,2026-01-20,19,0,In Progress
PR0173,O0173,2026-04-23,42,4,Completed
PR0174,O0174,2026-07-26,22,1,Completed
PR0175,O0175,2026-06-17,15,0,In Progress
PR0176,O0176,2026-05-05,25,1,In Progress
PR0177,O0177,2026-08-25,27,2,In Progress
PR0178,O0178,2026-04-02,16,1,Completed
PR0179,O0179,2026-04-28,2,1,Completed
PR0180,O0180,2026-03-10,42,0,In Progress
PR0181,O0181,2026-03-21,17,1,In Progress
PR0182,O0182,2026-01-07,15,0,Completed
PR0183,O0183,2026-07-22,38,0,In Progress
PR0184,O0184,2026-02-21,42,3,Completed
PR0185,O0185,2026-06-30,38,1,Completed
PR0186,O0186,2026-01-17,23,0,In Progress
PR0187,O0187,2026-07-11,47,4,Completed
PR0188,O0188,2026-04-25,22,2,Completed
PR0189,O0189,2026-05-26,14,0,Completed
PR0190,O0190,2026-07-12,6,0,Completed
PR0191,O0191,2026-07-16,23,2,Completed
PR0192,O0192,2026-08-11,14,0,Pending
PR0193,O0193,2026-05-21,39,0,Completed
PR0194,O0194,2026-03-15,39,2,Pending
PR0195,O0195,2026-03-03,21,2,Completed
PR0196,O0196,2026-08-26,42,2,Completed
PR0197,O0197,2026-03-27,20,1,In Progress
PR0198,O0198,2026-05-16,9,1,Completed
PR0199,O0199,2026-04-20,35,2,Completed
PR0200,O0200,2026-04-23,28,1,Completed
PR0201,O0201,2026-06-17,41,1,In Progress
PR0202,O0202,2026-04-11,5,0,Completed
PR0203,O0203,2026-06-28,2,0,Pending
PR0204,O0204,2026-04-18,3,0,Completed
PR0205,O0205,2026-06-25,2,0,In Progress
PR0206,O0206,2026-07-25,12,0,Completed
PR0207,O0207,2026-01-20,22,0,Completed
PR0208,O0208,2026-07-26,18,0,Completed
PR0209,O0209,2026-08-15,12,1,Pending
PR0210,O0210,2026-02-05,36,3,Completed
PR0211,O0211,2026-04-03,43,3,In Progress
PR0212,O0212,2026-04-26,50,5,Completed
PR0213,O0213,2026-04-09,1,0,Completed
PR0214,O0214,2026-07-09,28,0,Completed
PR0215,O0215,2026-08-14,44,1,In Progress
PR0216,O0216,2026-08-31,34,2,Completed
PR0217,O0217,2026-02-10,36,0,Completed
PR0218,O0218,2026-05-23,18,1,Completed
PR0219,O0219,2026-05-04,39,1,Pending
PR0220,O0220,2026-06-25,27,2,In Progress
PR0221,O0221,2026-03-30,18,1,Completed
PR0222,O0222,2026-04-28,39,3,Completed
PR0223,O0223,2026-09-01,2,0,Completed
PR0224,O0224,2026-05-01,31,2,In Progress
PR0225,O0225,2026-01-20,41,1,Completed
PR0226,O0226,2026-09-06,15,1,Pending
PR0227,O0227,2026-06-11,9,1,In Progress
PR0228,O0228,2026-02-18,34,2,Completed
PR0229,O0229,2026-04-12,26,0,Completed
PR0230,O0230,2026-08-10,15,0,Completed
PR0231,O0231,2026-01-13,20,1,Completed
PR0232,O0232,2026-04-02,42,0,Completed
PR0233,O0233,2026-04-20,1,1,In Progress
PR0234,O0234,2026-07-18,10,0,Completed
PR0235,O0235,2026-04-13,38,3,Pending
PR0236,O0236,2026-01-29,2,1,Completed
PR0237,O0237,2026-07-01,32,0,Completed
PR0238,O0238,2026-06-13,32,1,Completed
PR0239,O0239,2026-02-03,40,1,Pending
PR0240,O0240,2026-06-08,11,0,Completed
PR0241,O0241,2026-04-17,46,1,In Progress
PR0242,O0242,2026-02-07,29,2,Pending
PR0243,O0243,2026-07-20,41,3,Completed
PR0244,O0244,2026-03-01,2,1,Completed
PR0245,O0245,2026-04-25,37,3,Completed
PR0246,O0246,2026-04-30,4,0,Pending
PR0247,O0247,2026-04-20,25,1,Pending
PR0248,O0248,2026-08-09,14,1,Completed
PR0249,O0249,2026-04-25,47,4,Completed
PR0250,O0250,2026-04-07,30,3,Completed
PR0251,O0251,2026-06-19,23,2,Completed
PR0252,O0252,2026-04-08,10,0,Completed
PR0253,O0253,2026-02-19,9,1,Completed
PR0254,O0254,2026-07-19,35,2,In Progress
PR0255,O0255,2026-05-03,6,0,Completed
PR0256,O0256,2026-05-03,15,1,In Progress
PR0257,O0257,2026-06-05,30,0,Completed
PR0258,O0258,2026-05-02,4,1,In Progress
PR0259,O0259,2026-06-17,25,2,In Progress
PR0260,O0260,2026-06-07,39,3,Completed
PR0261,O0261,2026-02-22,1,0,Completed
PR0262,O0262,2026-04-27,41,1,Completed
PR0263,O0263,2026-01-28,26,2,Completed
PR0264,O0264,2026-05-17,23,2,Completed
PR0265,O0265,2026-04-23,42,0,Completed
PR0266,O0266,2026-04-04,24,1,Completed
PR0267,O0267,2026-03-19,9,1,Completed
PR0268,O0268,2026-03-28,20,2,Completed
PR0269,O0269,2026-06-27,18,0,Completed
PR0270,O0270,2026-05-28,39,1,In Progress
PR0271,O0271,2026-06-30,21,2,Completed
PR0272,O0272,2026-01-08,50,0,Completed
PR0273,O0273,2026-05-15,2,0,Completed
PR0274,O0274,2026-03-24,31,2,Completed
PR0275,O0275,2026-01-18,36,3,Completed
PR0276,O0276,2026-04-14,47,4,In Progress
PR0277,O0277,2026-06-15,23,0,Completed
PR0278,O0278,2026-06-28,48,4,In Progress
PR0279,O0279,2026-07-17,31,0,Completed
PR0280,O0280,2026-08-25,27,2,Completed
PR0281,O0281,2026-07-21,24,2,In Progress
PR0282,O0282,2026-02-15,2,0,Completed
PR0283,O0283,2026-06-20,41,4,Completed
PR0284,O0284,2026-08-13,18,0,In Progress
PR0285,O0285,2026-05-03,26,1,Pending
PR0286,O0286,2026-08-25,24,2,Completed
PR0287,O0287,2026-05-13,11,1,In Progress
PR0288,O0288,2026-01-16,42,4,In Progress
PR0289,O0289,2026-03-30,45,2,Completed
PR0290,O0290,2026-08-03,40,4,Completed
PR0291,O0291,2026-01-11,34,1,In Progress
PR0292,O0292,2026-09-02,16,1,In Progress
PR0293,O0293,2026-02-06,27,0,In Progress
PR0294,O0294,2026-01-27,33,2,Completed
PR0295,O0295,2026-01-13,1,1,Pending
PR0296,O0296,2026-06-11,38,0,Completed
PR0297,O0297,2026-06-28,33,0,Pending
PR0298,O0298,2026-05-23,40,2,Completed
PR0299,O0299,2026-04-20,2,0,Completed
PR0300,O0300,2026-04-02,48,1,Completed
PR0301,O0301,2026-06-01,17,1,Completed
PR0302,O0302,2026-08-02,42,0,Completed
PR0303,O0303,2026-05-06,46,1,Completed
PR0304,O0304,2026-05-05,2,0,Completed
PR0305,O0305,2026-03-30,31,3,Completed
PR0306,O0306,2026-03-10,21,0,Completed
PR0307,O0307,2026-08-15,8,1,Pending
PR0308,O0308,2026-07-25,28,0,Completed
PR0309,O0309,2026-08-24,45,1,Completed
PR0310,O0310,2026-05-17,3,0,Completed
PR0311,O0311,2026-07-07,34,2,Completed
PR0312,O0312,2026-03-26,16,1,Completed
PR0313,O0313,2026-03-23,44,4,Completed
PR0314,O0314,2026-04-28,37,3,Completed
PR0315,O0315,2026-04-26,2,1,Completed
PR0316,O0316,2026-06-22,44,1,Completed
PR0317,O0317,2026-02-16,28,2,Completed
PR0318,O0318,2026-01-16,24,2,In Progress
PR0319,O0319,2026-04-13,10,1,In Progress
PR0320,O0320,2026-06-25,44,4,Pending
PR0321,O0321,2026-01-22,42,0,Completed
PR0322,O0322,2026-03-22,10,1,Completed
PR0323,O0323,2026-05-12,47,3,In Progress
PR0324,O0324,2026-03-10,45,0,Completed
PR0325,O0325,2026-09-02,29,2,Completed
PR0326,O0326,2026-02-16,21,0,Completed
PR0327,O0327,2026-06-22,18,0,Completed
PR0328,O0328,2026-08-22,43,1,In Progress
PR0329,O0329,2026-06-20,7,0,Completed
PR0330,O0330,2026-03-01,21,0,Completed
PR0331,O0331,2026-05-23,36,3,Completed
PR0332,O0332,2026-08-25,42,0,Pending
PR0333,O0333,2026-05-12,4,0,Pending
PR0334,O0334,2026-02-06,39,0,Pending
PR0335,O0335,2026-05-14,34,2,Completed
PR0336,O0336,2026-06-18,28,0,Pending
PR0337,O0337,2026-08-24,17,1,Completed
PR0338,O0338,2026-02-15,18,0,Completed
PR0339,O0339,2026-09-06,41,1,Completed
PR0340,O0340,2026-05-24,34,2,Pending
PR0341,O0341,2026-01-31,8,1,Completed
PR0342,O0342,2026-06-25,2,1,Completed
PR0343,O0343,2026-01-24,17,1,In Progress
PR0344,O0344,2026-06-17,36,1,In Progress
PR0345,O0345,2026-01-18,38,0,Completed
PR0346,O0346,2026-03-22,24,2,In Progress
PR0347,O0347,2026-03-28,28,1,In Progress
PR0348,O0348,2026-04-25,5,0,Completed
PR0349,O0349,2026-03-24,21,1,Completed
PR0350,O0350,2026-02-12,13,1,Completed
PR0351,O0351,2026-05-06,7,0,Pending
PR0352,O0352,2026-01-23,26,2,In Progress
PR0353,O0353,2026-03-09,42,3,In Progress
PR0354,O0354,2026-03-29,28,1,In Progress
PR0355,O0355,2026-05-18,29,2,Pending
PR0356,O0356,2026-05-01,1,0,In Progress
PR0357,O0357,2026-03-17,43,3,Pending
PR0358,O0358,2026-05-07,23,1,Completed
PR0359,O0359,2026-02-13,21,0,Completed
PR0360,O0360,2026-01-16,24,1,Completed
PR0361,O0361,2026-06-01,44,3,Completed
PR0362,O0362,2026-05-29,38,0,Pending
PR0363,O0363,2026-02-01,19,0,Pending
PR0364,O0364,2026-06-01,28,1,Completed
PR0365,O0365,2026-04-23,21,0,In Progress
PR0366,O0366,2026-08-03,32,2,Pending
PR0367,O0367,2026-02-11,22,2,In Progress
PR0368,O0368,2026-06-15,32,0,In Progress
PR0369,O0369,2026-05-12,19,1,In Progress
PR0370,O0370,2026-06-26,47,3,Completed
PR0371,O0371,2026-08-17,45,2,Completed
PR0372,O0372,2026-05-30,10,1,In Progress
PR0373,O0373,2026-05-22,1,1,Completed
PR0374,O0374,2026-05-31,22,1,In Progress
PR0375,O0375,2026-02-12,45,3,Completed
PR0376,O0376,2026-06-07,3,0,In Progress
PR0377,O0377,2026-07-08,43,4,Completed
PR0378,O0378,2026-05-04,33,1,Pending
PR0379,O0379,2026-04-05,43,0,Completed
PR0380,O0380,2026-06-17,17,1,Pending
PR0381,O0381,2026-05-26,19,0,In Progress
PR0382,O0382,2026-07-10,26,1,In Progress
PR0383,O0383,2026-04-10,32,3,Completed
PR0384,O0384,2026-04-14,19,0,Completed
PR0385,O0385,2026-01-14,26,1,In Progress
PR0386,O0386,2026-06-26,33,2,In Progress
PR0387,O0387,2026-03-21,35,1,Completed
PR0388,O0388,2026-03-06,15,1,In Progress
PR0389,O0389,2026-06-19,46,1,Completed
PR0390,O0390,2026-05-10,36,0,In Progress
PR0391,O0391,2026-09-02,29,2,Completed
PR0392,O0392,2026-06-23,19,1,Pending
PR0393,O0393,2026-06-18,32,0,Completed
PR0394,O0394,2026-03-04,7,0,Completed
PR0395,O0395,2026-08-29,9,1,Completed
PR0396,O0396,2026-09-06,37,2,Completed
PR0397,O0397,2026-06-06,25,1,In Progress
PR0398,O0398,2026-06-18,29,2,In Progress
PR0399,O0399,2026-03-20,47,4,Completed
PR0400,O0400,2026-04-29,22,1,In Progress
PR0401,O0401,2026-07-28,10,1,Completed
PR0402,O0402,2026-06-11,5,0,Completed
PR0403,O0403,2026-04-19,17,1,In Progress
PR0404,O0404,2026-09-01,28,2,In Progress
PR0405,O0405,2026-07-15,47,1,Completed
PR0406,O0406,2026-05-30,16,0,Completed
PR0407,O0407,2026-01-17,44,4,Completed
PR0408,O0408,2026-05-12,22,1,Completed
PR0409,O0409,2026-06-15,6,1,Completed
PR0410,O0410,2026-05-03,49,1,Completed
PR0411,O0411,2026-05-28,38,0,In Progress
PR0412,O0412,2026-08-22,24,1,Completed
PR0413,O0413,2026-01-26,12,1,Completed
PR0414,O0414,2026-06-05,28,0,Pending
PR0415,O0415,2026-02-08,28,2,Completed
PR0416,O0416,2026-04-29,29,1,Completed
PR0417,O0417,2026-05-30,43,2,Completed
PR0418,O0418,2026-01-07,10,1,Pending
PR0419,O0419,2026-06-08,1,1,Completed
PR0420,O0420,2026-05-25,3,0,Pending
PR0421,O0421,2026-03-24,40,0,Completed
PR0422,O0422,2026-07-15,29,1,Completed
PR0423,O0423,2026-08-16,32,3,Completed
PR0424,O0424,2026-02-06,34,1,Completed
PR0425,O0425,2026-02-11,15,0,Pending
PR0426,O0426,2026-05-03,15,0,In Progress
PR0427,O0427,2026-05-05,49,1,Pending
PR0428,O0428,2026-02-05,45,1,Completed
PR0429,O0429,2026-08-31,39,0,In Progress
PR0430,O0430,2026-01-10,11,1,In Progress
PR0431,O0431,2026-07-14,9,0,Completed
PR0432,O0432,2026-07-17,46,0,Completed
PR0433,O0433,2026-06-04,18,1,Completed
PR0434,O0434,2026-03-04,13,1,Completed
PR0435,O0435,2026-04-26,47,0,In Progress
PR0436,O0436,2026-08-24,27,2,Completed
PR0437,O0437,2026-01-18,31,0,Completed
PR0438,O0438,2026-03-31,11,0,Completed
PR0439,O0439,2026-07-14,44,3,In Progress
PR0440,O0440,2026-02-09,25,0,Completed
PR0441,O0441,2026-06-01,22,1,In Progress
PR0442,O0442,2026-06-21,3,0,Completed
PR0443,O0443,2026-05-19,34,1,Completed
PR0444,O0444,2026-06-06,37,3,Completed
PR0445,O0445,2026-07-11,17,0,In Progress
PR0446,O0446,2026-08-30,4,1,Pending
PR0447,O0447,2026-07-21,42,1,Completed
PR0448,O0448,2026-03-04,47,1,Completed
PR0449,O0449,2026-03-16,15,1,In Progress
PR0450,O0450,2026-03-12,4,0,Completed
PR0451,O0451,2026-07-31,24,2,Completed
PR0452,O0452,2026-03-26,45,1,In Progress
PR0453,O0453,2026-02-11,33,2,In Progress
PR0454,O0454,2026-07-14,12,1,Completed
PR0455,O0455,2026-04-11,22,1,In Progress
PR0456,O0456,2026-03-14,31,2,In Progress
PR0457,O0457,2026-05-02,5,0,Completed
PR0458,O0458,2026-07-10,42,3,Completed
PR0459,O0459,2026-01-24,2,1,Pending
PR0460,O0460,2026-07-23,13,1,In Progress
PR0461,O0461,2026-01-28,23,0,Completed
PR0462,O0462,2026-01-19,30,2,Pending
PR0463,O0463,2026-05-24,17,0,Completed
PR0464,O0464,2026-05-27,44,0,Pending
PR0465,O0465,2026-05-01,10,0,In Progress
PR0466,O0466,2026-03-12,16,0,Pending
PR0467,O0467,2026-07-26,34,3,In Progress
PR0468,O0468,2026-03-14,39,3,Completed
PR0469,O0469,2026-08-17,36,2,Completed
PR0470,O0470,2026-05-11,5,0,Completed
PR0471,O0471,2026-05-18,2,0,In Progress
PR0472,O0472,2026-08-21,37,1,In Progress
PR0473,O0473,2026-05-12,16,0,Completed
PR0474,O0474,2026-08-20,1,1,Pending
PR0475,O0475,2026-02-28,2,1,Completed
PR0476,O0476,2026-03-22,41,1,Completed
PR0477,O0477,2026-08-26,44,2,Completed
PR0478,O0478,2026-07-11,2,0,Pending
PR0479,O0479,2026-04-27,45,4,In Progress
PR0480,O0480,2026-06-17,41,2,Completed
PR0481,O0481,2026-03-17,21,1,In Progress
PR0482,O0482,2026-04-28,5,0,Completed
PR0483,O0483,2026-07-23,2,1,Completed
PR0484,O0484,2026-03-11,8,1,Pending
PR0485,O0485,2026-07-11,1,1,Completed
PR0486,O0486,2026-03-23,8,1,Completed
PR0487,O0487,2026-01-25,29,1,In Progress
PR0488,O0488,2026-04-21,6,0,Completed
PR0489,O0489,2026-06-10,27,0,Completed
PR0490,O0490,2026-04-17,35,1,Completed
PR0491,O0491,2026-05-24,13,0,Completed
PR0492,O0492,2026-03-28,27,0,Completed
PR0493,O0493,2026-03-17,19,0,Completed
PR0494,O0494,2026-03-16,36,3,Completed
PR0495,O0495,2026-02-25,26,0,Pending
PR0496,O0496,2026-04-04,17,0,Completed
PR0497,O0497,2026-04-28,11,0,Completed
PR0498,O0498,2026-05-06,18,0,In Progress
PR0499,O0499,2026-07-11,20,2,Completed
PR0500,O0500,2026-04-17,8,1,Pending
